{
  "device": "mps",
  "model_type": "cnn",
  "img_size": 32,
  "transformer_config": null,
  "split": "val",
  "checkpoint": "/Users/jehanzeb/_development/transBloom/checkpoints/cnn_20260311/best_model.pt",
  "samples": 1820,
  "loss": 0.16637657024375685,
  "accuracy": 0.9373626373626374,
  "classes": [
    "flower",
    "non_flower"
  ],
  "confusion_matrix": [
    [
      965,
      55
    ],
    [
      59,
      741
    ]
  ],
  "per_class": [
    {
      "class": "flower",
      "precision": 0.9423828125,
      "recall": 0.946078431372549,
      "f1": 0.9442270058708414,
      "support": 1020
    },
    {
      "class": "non_flower",
      "precision": 0.9309045226130653,
      "recall": 0.92625,
      "f1": 0.9285714285714286,
      "support": 800
    }
  ],
  "macro_avg": {
    "precision": 0.9366436675565326,
    "recall": 0.9361642156862745,
    "f1": 0.9363992172211351
  }
}
